"","#features","#attributes","#binary constraints","#edges in BIG","#edges in Mutex graph","#mandatory relations","#mutex groups","#or groups","#xor groups","#implies","#excludes","#complex constraints","#cross tree constraints","#variables","#configurations","#distinct configurations","max domain size","real max domain size","enable or groups","Synthesis","Domain extraction","Feature and attribute extraction","Binary implications","Sicstus","alternative","Implication and Mutex graph","Hierarchy","Place attributes","Mandatory features","Feature groups","Mutex","Or","Xor","Group processing","Cross tree constraints","Binary implies","Binary excludes","Complex constraints","AFM construction"
"1",2,9,839,1,0,0,0,0,0,0,0,0,0,10,1000,1000,10,10,"false",1064,26,4,901,476,123,8,10,2,1,8,3,1,0,3,101,2,1,98,0
"2",3,8,684,2,0,0,0,0,0,0,0,0,0,10,1000,1000,10,10,"false",1008,25,5,858,452,113,8,11,3,0,9,4,0,1,3,87,2,1,84,1
"3",3,8,684,2,0,0,0,0,0,0,0,0,0,10,1000,1000,10,10,"false",1226,25,4,1072,642,113,14,13,3,0,8,4,0,0,3,86,2,1,83,1
"4",4,7,545,3,0,0,0,0,0,0,0,0,0,10,1000,1000,10,10,"false",947,23,5,810,427,104,8,11,3,0,8,4,0,0,3,77,3,1,73,1
"5",4,7,545,3,0,0,0,0,0,0,0,0,0,10,1000,1000,10,10,"false",968,25,5,829,444,104,8,11,2,1,8,3,0,1,3,78,2,1,75,1
"6",4,7,545,3,0,0,0,0,0,0,0,0,0,10,1000,1000,10,10,"false",979,24,5,840,452,108,8,10,3,0,8,4,0,0,3,79,2,1,76,1
"7",4,7,545,3,0,0,0,0,0,0,0,0,0,10,1000,1000,10,10,"false",1300,24,5,1162,777,104,8,11,2,1,8,3,1,0,3,78,2,1,75,1
"8",5,6,422,4,0,0,0,0,0,0,0,0,0,10,1000,1000,10,10,"false",908,23,5,779,407,113,7,11,3,0,9,4,0,1,2,70,4,1,65,0
"9",5,6,422,4,0,0,0,0,0,0,0,0,0,10,1000,1000,10,10,"false",910,24,5,782,413,112,8,11,3,0,8,4,0,0,3,69,5,1,63,0
"10",5,6,422,4,0,0,0,0,0,0,0,0,0,10,1000,1000,10,10,"false",927,23,5,798,426,115,8,11,3,0,9,4,0,1,2,69,4,2,63,0
"11",5,6,422,4,0,0,0,0,0,0,0,0,0,10,1000,1000,10,10,"false",937,23,4,810,445,107,8,11,2,1,8,3,1,0,3,68,5,1,62,1
"12",5,6,422,4,0,0,0,0,0,0,0,0,0,10,1000,1000,10,10,"false",946,23,5,817,443,115,8,12,2,1,8,3,0,1,3,68,4,2,62,1
"13",5,6,422,4,0,0,0,0,0,0,0,0,0,10,1000,1000,10,10,"false",1121,23,5,989,598,111,8,16,2,1,8,3,1,0,3,67,5,2,60,1
"14",5,6,422,4,0,0,0,0,0,0,0,0,0,10,1000,1000,10,10,"false",1159,23,4,1019,646,106,9,25,2,1,8,3,1,0,3,67,5,2,60,1
"15",6,5,315,5,0,0,0,0,0,0,0,0,0,10,1000,1000,10,10,"false",1099,19,4,969,598,106,12,22,2,1,8,3,1,0,3,61,6,1,54,1
"16",6,5,315,5,0,0,0,0,0,0,0,0,0,10,1000,1000,10,10,"false",1126,22,5,1008,664,107,8,12,2,1,8,3,1,0,3,59,6,1,52,0
"17",7,4,224,6,0,0,0,0,0,0,0,0,0,10,1000,999,10,10,"false",835,22,5,730,408,104,8,14,3,0,9,4,0,1,3,44,2,1,41,0
"18",7,4,224,6,0,0,0,0,0,0,0,0,0,10,1000,999,10,10,"false",868,22,4,763,439,103,8,14,2,1,8,4,0,0,3,45,3,1,41,1
"19",7,4,224,6,0,0,0,0,0,0,0,0,0,10,1000,1000,10,10,"false",818,22,5,713,395,101,8,14,3,0,9,4,0,1,3,43,2,1,40,1
"20",7,14,2154,6,0,0,0,0,0,0,0,0,0,20,1000,1000,10,10,"false",1773,31,4,1534,831,216,8,15,3,1,8,3,1,0,3,168,2,1,164,0
"21",8,3,149,7,0,0,0,0,0,0,0,0,0,10,1000,992,10,10,"false",818,21,5,722,418,98,8,14,3,0,9,4,1,0,3,35,2,2,31,1
"22",8,3,149,7,0,0,0,0,0,0,0,0,0,10,1000,996,10,10,"false",800,20,5,705,408,96,7,15,2,1,8,4,0,1,2,36,3,1,32,1
"23",8,3,149,7,0,0,0,0,0,0,0,0,0,10,1000,996,10,10,"false",1411,20,5,1316,1019,96,8,15,2,1,8,4,0,0,3,35,2,2,31,1
"24",8,3,149,7,0,0,0,0,0,0,0,0,0,10,1000,999,10,10,"false",1025,20,5,909,595,95,8,32,3,0,9,4,0,1,3,38,2,1,35,0
"25",8,13,1899,7,0,0,0,0,0,0,0,0,0,20,1000,1000,10,10,"false",1629,30,4,1407,728,214,9,14,4,0,9,4,1,0,3,151,3,1,147,1
"26",8,13,1899,7,0,0,0,0,0,0,0,0,0,20,1000,1000,10,10,"false",1679,30,4,1455,776,214,9,15,3,1,9,4,0,1,3,152,2,1,149,1
"27",9,2,90,8,0,0,0,0,0,0,0,0,0,10,1000,980,10,10,"false",779,19,5,695,419,91,8,15,2,0,9,5,0,0,3,25,3,1,21,1
"28",9,2,90,8,0,0,0,0,0,0,0,0,0,10,1000,988,10,10,"false",1005,19,5,921,646,90,8,15,2,0,9,4,1,0,3,25,2,2,21,1
"29",9,12,1660,8,0,0,0,0,0,0,0,0,0,20,1000,1000,10,10,"false",1573,30,4,1368,704,207,9,14,4,0,9,5,0,0,3,134,2,1,131,0
"30",9,12,1660,8,0,0,0,0,0,0,0,0,0,20,1000,1000,10,10,"false",1691,29,4,1486,818,208,9,15,3,1,9,4,0,1,3,133,2,2,129,1
"31",9,12,1660,8,0,0,0,0,0,0,0,1,1,20,1000,1000,10,10,"false",1681,30,4,1468,802,209,9,15,3,0,9,4,1,0,3,141,3,1,137,1
"32",10,11,1437,9,0,0,0,0,0,0,0,0,0,20,1000,1000,10,10,"false",1532,27,4,1342,710,200,8,14,4,0,10,5,0,0,2,120,2,1,117,0
"33",10,11,1437,9,0,0,0,0,0,0,0,0,0,20,1000,1000,10,10,"false",1577,27,4,1384,738,203,9,15,3,1,9,4,1,0,3,123,3,1,119,1
"34",10,11,1437,9,0,0,0,0,0,0,0,0,0,20,1000,1000,10,10,"false",1581,28,4,1390,746,202,9,15,3,1,9,4,1,0,3,121,3,1,117,1
"35",10,11,1437,9,0,0,0,0,0,0,0,0,0,20,1000,1000,10,10,"false",1595,27,5,1400,756,201,9,15,4,0,10,5,0,1,3,123,2,1,120,1
"36",10,11,1437,9,0,0,0,0,0,0,0,0,0,20,1000,1000,10,10,"false",1613,28,4,1422,777,203,9,15,3,1,9,4,1,0,3,122,2,2,117,0
"37",11,10,1230,10,0,0,0,0,0,0,0,0,0,20,1000,1000,10,10,"false",1478,27,4,1305,690,193,9,15,3,1,9,5,0,0,3,103,2,1,100,1
"38",11,10,1230,10,0,0,0,0,0,0,0,0,0,20,1000,1000,10,10,"false",1510,27,4,1338,725,199,8,15,4,0,10,5,0,1,3,103,2,2,99,1
"39",12,9,1039,11,0,0,0,0,0,0,0,0,0,20,1000,1000,10,10,"false",1440,27,4,1277,684,188,9,15,4,1,9,5,0,0,3,93,3,1,89,1
"40",12,9,1039,11,0,0,0,0,0,0,0,0,0,20,1000,1000,10,10,"false",1480,26,4,1319,729,190,8,16,4,0,10,5,1,0,3,92,3,1,88,0
"41",13,8,864,12,0,0,0,0,0,0,0,0,0,20,1000,1000,10,10,"false",1387,26,4,1232,668,181,8,16,4,0,10,5,1,0,3,87,3,1,83,0
"42",13,8,864,12,0,0,0,0,0,0,0,0,0,20,1000,1000,10,10,"false",1411,26,4,1254,697,180,9,16,3,1,10,5,0,1,3,87,2,2,83,1
"43",13,8,864,12,0,0,0,0,0,0,0,0,0,20,1000,1000,10,10,"false",1462,26,3,1307,743,181,8,16,4,0,10,6,0,0,3,87,3,1,83,0
"44",13,8,864,12,0,0,0,0,0,0,0,1,1,20,1000,1000,10,10,"false",1435,26,4,1279,705,182,8,16,4,0,10,5,1,0,3,87,3,1,83,1
"45",14,7,705,13,0,0,0,0,0,0,0,0,0,20,1000,1000,10,10,"false",1363,24,4,1222,688,170,8,16,3,1,10,5,1,0,3,74,3,1,70,1
"46",14,7,705,13,0,0,0,0,0,0,0,0,0,20,1000,1000,10,10,"false",1366,25,4,1221,690,167,8,16,4,0,11,6,0,1,3,75,2,1,72,1
"47",15,6,562,14,0,0,0,0,0,0,0,0,0,20,1000,1000,10,10,"false",1347,23,4,1213,701,160,8,17,3,1,10,6,0,0,3,66,3,1,62,1
"48",15,36,14032,14,0,0,0,0,0,0,0,0,0,50,1000,1000,10,10,"false",4665,51,4,4141,2553,659,14,17,11,1,11,6,0,1,3,413,3,1,409,1
"49",15,36,14032,14,0,0,0,0,0,0,0,72,72,50,500,500,10,10,"false",3404,37,5,2908,1517,515,13,17,9,1,11,6,0,1,2,401,2,1,398,1
"50",16,5,435,15,0,0,0,0,0,0,0,0,0,20,1000,1000,10,10,"false",1234,23,4,1112,629,162,8,17,3,1,11,6,0,0,3,55,2,2,51,0
"51",16,5,435,15,0,0,0,0,0,0,0,0,0,20,1000,1000,10,10,"false",1248,23,3,1123,644,159,8,17,3,0,11,7,0,0,3,56,3,1,52,1
"52",16,5,435,15,0,0,0,0,0,0,0,0,0,20,1000,1000,10,10,"false",1271,23,4,1147,666,159,9,17,3,1,11,6,0,1,3,55,3,1,51,1
"53",18,33,12079,17,0,0,0,0,0,0,0,0,0,50,1000,1000,10,10,"false",4628,49,4,4134,2553,683,15,15,9,1,12,7,0,1,3,386,3,1,382,1
"54",19,32,11460,18,0,0,0,0,0,0,0,0,0,50,5000,5000,10,10,"false",19370,85,5,18864,15313,2416,15,15,11,0,12,7,1,0,3,361,3,1,357,1
"55",19,32,12203,18,0,0,0,0,0,0,0,317,317,50,50,50,10,10,"false",2302,12,4,1910,659,318,16,16,10,0,12,8,0,0,3,321,3,1,317,1
"56",20,31,10857,19,0,0,0,0,0,0,0,0,0,50,1000,1000,10,10,"false",4618,50,4,4146,2614,677,15,16,10,0,13,8,0,1,3,361,3,1,357,1
"57",20,31,10904,19,0,0,0,0,0,0,0,203,203,50,100,100,10,10,"false",2297,14,4,1891,696,320,15,16,9,0,13,8,1,0,3,334,3,1,330,1
"58",21,30,10270,20,0,0,0,0,0,0,0,0,0,50,1000,1000,10,10,"false",4576,50,4,4136,2622,671,14,17,10,1,12,8,0,0,3,329,3,2,324,1
"59",21,30,10270,20,0,0,0,0,0,0,0,0,0,50,2000,2000,10,10,"false",7293,59,4,6851,4735,1181,15,16,11,1,13,8,0,1,3,321,3,1,317,1
"60",21,30,10270,20,0,0,0,0,0,0,0,0,0,50,100000,100000,10,10,"false",614253,1123,5,612713,506752,100766,14,17,11,0,13,8,1,0,3,354,3,1,350,1
"61",21,30,10270,20,0,0,0,0,0,0,0,384,384,50,200,200,10,10,"false",2483,46,6,2044,850,371,15,16,10,1,13,8,0,1,3,330,3,1,326,1
"62",21,30,11921,21,0,0,0,0,0,1,0,690,691,50,20,20,10,10,"false",2105,9,5,1709,550,297,16,16,11,0,13,8,1,0,3,325,3,2,320,1
"63",22,29,9699,21,0,0,0,0,0,0,0,0,0,50,50000,50000,10,10,"false",282398,575,5,281436,237629,40872,15,17,10,0,14,9,0,1,3,324,3,1,320,1
"64",22,29,9699,21,0,0,0,0,0,0,0,56,56,50,500,500,10,10,"false",3079,35,4,2640,1358,468,15,18,11,0,26,9,1,0,15,328,3,2,323,1
"65",22,29,10198,42,15,0,3,0,0,14,12,1056,1082,50,10,10,10,8,"false",1925,7,5,1550,470,289,19,17,9,1,26,20,0,3,2,290,3,4,283,1
"66",22,29,11440,21,0,0,0,0,0,0,0,619,619,50,20,20,10,10,"false",2083,9,5,1700,544,303,15,17,11,1,13,9,0,0,3,311,3,2,306,1
"67",23,28,7493,125,28,4,1,0,0,74,27,1649,1750,50,5,5,10,5,"false",3220,6,5,2825,1898,256,30,68,10,2,37,30,0,3,3,234,5,4,225,1
"68",23,28,9144,22,0,0,0,0,0,0,0,0,0,50,1000,1000,10,10,"false",4392,49,5,3954,2478,642,14,18,10,1,14,9,0,1,3,325,3,1,321,1
"69",23,28,9144,22,0,0,0,0,0,0,0,0,0,50,1000,1000,10,10,"false",4480,51,4,4035,2504,684,15,18,11,1,14,9,1,0,3,330,3,2,325,1
"70",23,28,9144,22,0,0,0,0,0,0,0,0,0,50,1000,1000,10,10,"false",4547,48,5,4109,2604,658,14,18,10,1,14,9,1,0,3,325,3,2,320,1
"71",23,28,9144,22,0,0,0,0,0,0,0,0,0,50,2000,2000,10,10,"false",7222,58,4,6788,4748,1119,15,18,10,1,14,9,0,1,3,313,3,1,309,1
"72",23,28,9144,22,0,0,0,0,0,0,0,0,0,50,10000,10000,10,10,"false",40165,124,4,39657,33749,4626,15,17,10,1,14,9,1,0,3,322,3,1,317,0
"73",23,28,9144,22,0,0,0,0,0,0,0,0,0,50,10000,10000,10,10,"false",41129,126,4,40631,34306,5067,14,18,8,1,14,9,1,0,3,311,3,1,307,1
"74",23,28,9144,22,0,0,0,0,0,0,0,0,0,50,50000,50000,10,10,"false",285564,582,4,284599,238381,43241,15,17,11,0,14,9,1,0,3,319,3,2,314,1
"75",23,28,9144,22,0,0,0,0,0,0,0,0,0,50,100000,100000,10,10,"false",568303,1110,5,566817,481968,79774,15,18,9,1,14,9,1,0,3,311,3,1,307,1
"76",23,28,9144,22,0,0,0,0,0,0,0,305,305,50,200,200,10,10,"false",2397,44,6,1982,834,344,14,17,10,1,14,9,0,1,3,306,3,1,302,1
"77",24,27,7123,126,33,1,1,0,0,71,32,1301,1404,50,5,5,10,5,"false",1879,6,6,1496,581,243,40,27,10,1,45,37,0,2,4,226,5,4,217,1
"78",24,27,8605,23,0,0,0,0,0,0,0,0,0,50,100000,100000,10,10,"false",549297,1110,5,547821,459295,83350,14,18,10,0,15,10,0,1,3,302,2,1,298,1
"79",24,27,8605,23,0,0,0,0,0,0,0,1,1,50,1000,1000,10,10,"false",4323,49,5,3891,2400,664,14,18,10,1,14,9,1,0,3,319,3,1,315,1
"80",24,27,8605,23,0,0,0,0,0,0,0,1,1,50,1000,1000,10,10,"false",4426,51,4,3997,2502,676,14,18,10,1,15,10,0,1,3,315,3,1,311,0
"81",24,27,8605,23,0,0,0,0,0,0,0,36,36,50,500,500,10,10,"false",2938,35,4,2519,1262,463,14,18,11,0,15,10,1,0,3,320,3,2,315,1
"82",24,27,8605,23,0,0,0,0,0,0,0,51,51,50,500,500,10,10,"false",2998,33,5,2578,1309,476,15,18,10,1,15,10,1,0,3,321,3,2,316,1
"83",24,27,8664,23,0,0,0,0,0,0,0,119,119,50,100,100,10,10,"false",2206,14,4,1807,675,309,14,18,10,0,15,10,0,1,3,323,3,1,319,1
"84",24,27,9107,41,6,0,0,0,0,11,6,1013,1030,50,10,10,10,8,"false",1868,7,5,1534,463,297,17,23,10,1,19,15,0,1,2,251,4,2,245,1
"85",24,27,9326,52,6,0,0,0,0,20,6,917,943,50,10,10,10,9,"false",1848,7,5,1513,445,297,23,18,10,1,19,14,1,0,3,251,3,2,246,1
"86",24,27,9611,23,0,0,0,0,0,0,0,217,217,50,50,50,10,10,"false",2174,11,4,1802,615,321,15,18,10,1,15,10,0,1,3,297,3,1,293,1
"87",25,26,6493,188,44,3,2,0,0,100,42,1389,1531,50,5,5,10,5,"false",2369,5,6,1987,1081,231,34,39,10,1,55,47,0,3,4,212,6,4,202,1
"88",25,26,8082,24,0,0,0,0,0,0,0,0,0,50,1000,1000,10,10,"false",4230,49,5,3814,2323,681,14,18,10,1,15,10,1,0,3,302,3,1,298,1
"89",25,26,8082,24,0,0,0,0,0,0,0,0,0,50,1000,1000,10,10,"false",4344,49,4,3936,2464,669,14,18,9,1,15,10,0,1,3,296,3,1,292,1
"90",25,26,8082,24,0,0,0,0,0,0,0,0,0,50,2000,2000,10,10,"false",7025,57,4,6607,4587,1114,14,18,10,1,15,10,1,0,3,297,3,1,293,1
"91",25,26,8082,24,0,0,0,0,0,0,0,0,0,50,5000,5000,10,10,"false",16685,86,4,16238,12620,2546,14,18,10,1,15,10,0,1,2,297,3,1,293,1
"92",25,26,8082,24,0,0,0,0,0,0,0,0,0,50,5000,5000,10,10,"false",17526,84,5,17080,13827,2203,15,18,10,1,15,10,0,1,3,297,3,1,293,1
"93",25,26,8082,24,0,0,0,0,0,0,0,1,1,50,1000,1000,10,10,"false",4259,49,5,3844,2369,656,14,19,10,0,15,10,0,1,2,300,3,1,296,1
"94",25,26,8082,24,0,0,0,0,0,0,0,338,338,50,200,200,10,10,"false",2365,44,6,1972,821,354,13,19,9,1,15,10,0,1,3,283,3,1,279,1
"95",25,26,8602,52,14,0,2,0,0,20,12,837,869,50,10,10,10,8,"false",2445,7,5,2104,1056,300,18,19,11,0,31,23,1,2,4,247,3,4,240,1
"96",25,26,10402,27,0,0,0,0,0,2,0,527,529,50,20,20,10,10,"false",1988,8,5,1625,515,295,15,22,11,0,16,11,0,1,3,283,3,2,278,1
"97",26,24,466,129,73,3,1,0,1,74,71,0,145,50,5,5,10,2,"false",925,6,18,749,474,78,36,25,6,1,69,61,0,3,3,13,4,5,3,1
"98",26,25,7575,25,0,0,0,0,0,0,0,0,0,50,1000,1000,10,10,"false",3712,50,5,3310,1845,653,14,19,8,1,15,11,0,0,3,288,4,1,283,1
"99",26,25,7575,25,0,0,0,0,0,0,0,0,0,50,1000,1000,10,10,"false",4272,50,5,3869,2421,640,13,20,9,1,15,11,0,0,3,288,3,2,283,1
"100",26,25,7575,25,0,0,0,0,0,0,0,0,0,50,1000,1000,10,10,"false",4354,50,4,3945,2489,665,14,19,10,1,15,11,0,0,3,294,4,1,289,1
"101",26,25,7575,25,0,0,0,0,0,0,0,0,0,50,1000,1000,10,10,"false",4410,49,5,4007,2543,675,14,20,10,1,15,10,1,0,3,287,3,2,282,1
"102",26,25,7575,25,0,0,0,0,0,0,0,0,0,50,20000,20000,10,10,"false",93562,238,5,92963,76660,14539,14,19,10,0,16,11,1,0,3,296,3,1,292,1
"103",26,25,7575,25,0,0,0,0,0,0,0,0,0,50,20000,20000,10,10,"false",95684,229,5,95102,76848,16501,14,19,13,1,15,10,1,0,3,285,3,2,280,1
"104",26,25,7575,25,0,0,0,0,0,0,0,0,0,50,50000,50000,10,10,"false",276052,591,5,275102,229699,42425,15,19,10,0,16,11,0,1,3,292,3,1,288,0
"105",26,25,7575,25,0,0,0,0,0,0,0,1,1,50,1000,1000,10,10,"false",4390,50,4,3980,2497,659,14,19,9,1,16,11,0,1,3,296,3,1,292,1
"106",26,25,7575,25,0,0,0,0,0,0,0,267,267,50,200,200,10,10,"false",2296,44,6,1915,798,339,14,19,9,0,16,11,0,1,3,271,3,1,267,1
"107",26,25,10064,29,0,0,0,0,0,2,0,434,436,50,20,20,10,10,"false",1979,8,5,1628,509,304,15,19,11,1,15,10,1,0,3,275,4,1,270,1
"108",27,24,6485,163,64,5,0,0,1,84,63,1252,1399,50,5,5,10,5,"false",2297,5,6,1756,593,234,144,103,10,1,68,61,0,3,2,203,4,4,195,0
"109",27,24,7084,26,0,0,0,0,0,0,0,0,0,50,1000,1000,10,10,"false",4283,50,5,3879,2431,654,14,20,10,1,16,11,0,1,3,287,3,1,283,0
"110",27,24,7084,26,0,0,0,0,0,0,0,0,0,50,1000,1000,10,10,"false",4311,48,4,3920,2468,662,14,20,9,1,16,11,0,1,3,278,3,1,274,1
"111",27,24,7084,26,0,0,0,0,0,0,0,0,0,50,1000,1000,10,10,"false",4374,48,4,3978,2500,674,13,20,10,1,16,11,0,1,3,281,3,1,277,1
"112",27,24,7084,26,0,0,0,0,0,0,0,0,0,50,50000,50000,10,10,"false",260356,571,4,259435,211833,44701,14,19,10,1,16,11,0,1,3,285,3,1,281,1
"113",27,24,7084,26,0,0,0,0,0,0,0,1,1,50,1000,1000,10,10,"false",4071,52,4,3669,2215,667,15,20,10,0,17,12,0,0,3,283,2,2,279,1
"114",27,24,7084,26,0,0,0,0,0,0,0,1,1,50,1000,1000,10,10,"false",4248,48,5,3852,2390,664,13,20,9,1,16,11,1,0,3,282,3,1,278,1
"115",27,24,7084,26,0,0,0,0,0,0,0,1,1,50,1000,1000,10,10,"false",4388,51,4,3986,2527,677,14,19,10,1,16,11,1,0,3,285,3,2,280,1
"116",27,24,7085,26,0,0,0,0,0,0,0,244,244,50,200,200,10,10,"false",2377,45,6,1989,797,411,14,20,10,1,16,11,0,1,3,274,3,2,269,1
"117",27,24,7155,26,0,0,0,0,0,0,0,134,134,50,100,100,10,10,"false",2117,13,4,1772,636,318,13,19,9,1,16,11,1,0,3,267,3,1,263,1
"118",27,24,7155,26,0,0,0,0,0,0,0,164,164,50,100,100,10,10,"false",2153,13,4,1799,675,320,14,20,9,1,16,11,0,1,3,275,3,1,271,1
"119",27,24,7164,26,0,0,0,0,0,0,0,120,120,50,100,100,10,10,"false",2146,13,5,1793,660,322,13,20,9,0,17,12,0,0,3,274,3,1,270,1
"120",28,23,6609,27,0,0,0,0,0,0,0,0,0,50,1000,1000,10,10,"false",4126,47,4,3741,2299,647,13,21,9,0,17,12,1,0,3,271,3,2,266,1
"121",28,23,6609,27,0,0,0,0,0,0,0,0,0,50,1000,1000,10,10,"false",4227,49,5,3843,2403,655,13,20,10,1,16,12,0,0,3,268,3,2,263,1
"122",28,23,6609,27,0,0,0,0,0,0,0,0,0,50,1000,1000,10,10,"false",4304,50,5,3912,2466,661,14,20,9,1,17,12,0,1,3,275,3,1,270,0
"123",28,23,6609,27,0,0,0,0,0,0,0,0,0,50,5000,5000,10,10,"false",16770,84,5,16350,13059,2250,14,20,9,1,17,12,0,1,3,267,3,1,263,1
"124",28,23,6609,27,0,0,0,0,0,0,0,0,0,50,10000,10000,10,10,"false",38752,122,5,38277,33013,4002,14,20,10,1,17,13,0,0,3,283,3,2,278,1
"125",28,23,6609,27,0,0,0,0,0,0,0,0,0,50,100000,100000,10,10,"false",555163,1129,5,553700,466979,81413,14,21,10,0,17,12,0,1,3,265,3,1,261,0
"126",28,23,7402,27,0,0,0,0,0,0,0,155,155,50,50,50,10,10,"false",2049,11,4,1721,579,311,13,20,9,0,17,12,0,1,3,252,3,1,248,1
"127",28,23,9045,30,1,0,1,0,0,2,0,340,342,50,20,20,10,10,"false",1932,8,5,1597,498,297,16,20,10,1,20,14,0,2,2,253,3,2,247,0
"128",29,22,6150,28,0,0,0,0,0,0,0,0,0,50,1000,1000,10,10,"false",4197,47,4,3817,2372,666,14,20,9,1,17,12,1,0,3,268,3,1,263,0
"129",29,22,6150,28,0,0,0,0,0,0,0,0,0,50,1000,1000,10,10,"false",4221,49,4,3845,2406,670,13,21,9,1,17,12,1,0,3,259,3,1,255,1
"130",29,22,6150,28,0,0,0,0,0,0,0,0,0,50,2000,2000,10,10,"false",6759,55,4,6369,4408,1104,13,21,10,0,17,12,1,0,3,268,3,1,264,1
"131",29,22,6150,28,0,0,0,0,0,0,0,0,0,50,5000,5000,10,10,"false",16645,87,4,16235,12803,2432,14,20,9,1,17,12,0,1,3,256,3,1,252,1
"132",29,22,6150,28,0,0,0,0,0,0,0,0,0,50,10000,10000,10,10,"false",40209,122,5,39745,34315,4228,13,21,9,1,17,12,0,1,3,273,3,1,269,1
"133",29,22,6150,28,0,0,0,0,0,0,0,0,0,50,20000,20000,10,10,"false",97114,238,5,96559,79250,15582,13,21,9,0,17,13,0,0,3,250,3,1,246,1
"134",29,22,6150,28,0,0,0,0,0,0,0,30,30,50,500,500,10,10,"false",2699,30,5,2329,1098,483,13,21,9,1,17,12,1,0,3,272,3,2,267,1
"135",30,21,5707,29,0,0,0,0,0,0,0,0,0,50,100000,100000,10,10,"false",537859,1107,5,536445,453045,78407,14,21,9,0,18,13,1,0,3,238,3,1,234,1
"136",31,20,5280,30,0,0,0,0,0,0,0,0,0,50,2000,2000,10,10,"false",6808,59,4,6454,4431,1200,13,22,8,1,18,13,1,0,3,226,3,1,222,1
"137",31,20,5280,30,0,0,0,0,0,0,0,0,0,50,20000,20000,10,10,"false",85939,230,4,85416,64954,18808,14,22,8,0,19,14,0,0,3,224,2,2,220,1
"138",31,20,5280,30,0,0,0,0,0,0,0,0,0,50,20000,20000,10,10,"false",95550,239,4,95015,74830,18496,14,22,8,1,19,14,0,1,3,225,2,2,221,1
"139",31,20,5280,30,0,0,0,0,0,0,0,0,0,50,50000,50000,10,10,"false",243311,558,5,242447,198663,40562,14,22,9,1,18,13,0,1,3,236,2,2,231,0
"140",31,20,6086,30,0,0,0,0,0,0,0,195,195,50,50,50,10,10,"false",1939,10,5,1635,546,321,13,23,9,0,19,14,0,1,3,223,3,1,219,1
"141",31,20,6671,76,15,0,0,0,2,35,13,574,622,50,10,10,10,8,"false",1654,6,5,1352,427,262,18,23,10,1,35,28,0,3,2,202,4,3,195,1
"142",32,19,4869,31,0,0,0,0,0,0,0,0,0,50,1000,1000,10,10,"false",3810,42,5,3480,2079,681,12,23,9,0,19,14,0,1,2,218,2,2,214,1
"143",32,19,4869,31,0,0,0,0,0,0,0,1,1,50,1000,1000,10,10,"false",3870,44,5,3518,2093,690,13,23,8,1,19,14,0,1,3,237,2,2,233,1
"144",33,18,4474,32,0,0,0,0,0,0,0,0,0,50,10000,10000,10,10,"false",35195,120,5,34795,29121,4488,13,24,8,1,18,14,0,0,3,210,3,2,205,1
"145",35,16,4555,34,0,0,0,0,0,0,0,105,105,50,50,50,10,10,"false",1761,9,5,1504,486,310,13,24,8,1,19,14,0,1,3,176,3,1,172,1
"146",36,65,46935,35,0,0,0,0,0,0,0,1,1,100,1000,1000,10,10,"false",12492,59,5,11621,7460,2551,21,26,26,1,23,18,1,0,3,705,3,1,701,1
"147",43,58,38654,42,0,0,0,0,0,0,0,6,6,100,1000,1000,10,10,"false",12044,62,5,11234,7272,2127,21,31,27,1,26,21,1,0,3,633,4,1,628,1
"148",45,56,36432,44,0,0,0,0,0,0,0,0,0,100,1000,1000,10,10,"false",11972,61,5,11204,7229,2206,19,32,27,1,28,23,0,1,3,591,3,2,586,1
"149",45,56,36432,44,0,0,0,0,0,0,0,4,4,100,1000,1000,10,10,"false",11781,61,5,10980,6979,2251,19,32,23,1,25,21,0,0,3,630,4,1,625,1
"150",46,55,35345,45,0,0,0,0,0,0,0,0,0,100,1000,1000,10,10,"false",11583,61,5,10799,6808,2164,20,33,27,1,25,20,1,0,3,608,4,1,603,1
"151",46,55,35345,45,0,0,0,0,0,0,0,0,0,100,1000,1000,10,10,"false",11796,60,5,11040,7113,2172,18,33,26,1,28,23,0,1,3,581,3,1,577,1
"152",46,55,35345,45,0,0,0,0,0,0,0,1,1,100,1000,1000,10,10,"false",11954,62,5,11168,7217,2176,18,32,27,1,28,23,1,0,3,609,3,1,604,1
"153",46,55,35345,45,0,0,0,0,0,0,0,2,2,100,1000,1000,10,10,"false",12076,60,5,11311,7448,2161,19,33,25,1,26,22,0,0,3,591,3,2,586,1
"154",47,54,34274,46,0,0,0,0,0,0,0,3,3,100,1000,1000,10,10,"false",12050,60,5,11259,7376,2163,20,33,27,1,28,23,0,1,3,613,3,1,609,1
"155",47,54,34274,46,0,0,0,0,0,0,0,5,5,100,1000,1000,10,10,"false",12156,61,5,11175,7567,2142,20,34,28,1,250,23,0,1,225,578,3,2,573,1
"156",48,53,33219,47,0,0,0,0,0,0,0,2,2,100,1000,1000,10,10,"false",12095,61,5,11154,7484,2191,20,34,26,1,28,23,0,1,3,762,3,2,757,1
"157",48,53,33219,47,0,0,0,0,0,0,0,5,5,100,1000,1000,10,10,"false",11835,61,5,10765,7087,2224,20,35,28,1,29,24,0,1,3,886,3,1,882,1
"158",49,52,32180,48,0,0,0,0,0,0,0,1,1,100,1000,1000,10,10,"false",12206,60,5,11180,7411,2429,18,35,27,1,29,25,0,0,3,847,4,1,842,1
"159",50,51,31157,49,0,0,0,0,0,0,0,1,1,100,1000,1000,10,10,"false",11393,60,5,10406,6719,2355,20,35,27,1,30,25,0,1,3,806,3,1,802,1
"160",51,50,30150,50,0,0,0,0,0,0,0,1,1,100,1000,1000,10,10,"false",11118,56,5,10384,6765,2308,19,37,25,1,30,25,0,1,3,556,3,2,551,1
"161",52,49,29159,51,0,0,0,0,0,0,0,1,1,100,1000,1000,10,10,"false",11584,59,5,10849,7222,2320,18,38,24,1,30,26,0,0,3,555,3,1,551,1
"162",53,48,28184,52,0,0,0,0,0,0,0,1,1,100,1000,1000,10,10,"false",11436,59,5,10692,6993,2411,19,38,25,1,30,25,0,1,3,564,3,1,560,0
"163",53,48,28184,52,0,0,0,0,0,0,0,4,4,100,1000,1000,10,10,"false",11347,57,5,10624,7026,2304,18,38,25,1,37,32,0,1,2,538,3,1,534,1
"164",54,47,27225,53,0,0,0,0,0,0,0,1,1,100,1000,1000,10,10,"false",11239,59,4,10535,6817,2436,18,39,26,0,30,25,1,0,3,520,3,2,515,1
"165",56,45,25355,55,0,0,0,0,0,0,0,1,1,100,1000,1000,10,10,"false",10670,57,5,9988,6389,2343,18,40,25,1,32,27,0,0,3,501,3,1,497,1
"166",56,45,25355,55,0,0,0,0,0,0,0,1,1,100,1000,1000,10,10,"false",10922,58,5,10229,6599,2385,19,40,26,1,33,28,0,0,3,507,3,2,502,1
"167",56,45,25355,55,0,0,0,0,0,0,0,1,1,100,1000,1000,10,10,"false",11215,61,5,10518,6878,2382,18,41,26,1,30,25,0,0,3,512,4,1,507,1
"168",59,42,22670,58,0,0,0,0,0,0,0,0,0,100,1000,1000,10,10,"false",10957,59,5,10282,6731,2305,19,44,26,1,40,35,0,1,3,478,3,2,473,1
"169",59,42,22670,58,0,0,0,0,0,0,0,1,1,100,1000,1000,10,10,"false",10638,58,5,9973,6360,2409,18,43,27,0,38,33,0,1,3,471,3,1,467,1
"170",67,34,16214,66,0,0,0,0,0,0,0,0,0,100,1000,1000,10,10,"false",10203,58,5,9603,6100,2372,18,50,23,1,31,27,0,0,3,411,4,1,406,1
"171",90,111,143257,89,0,0,0,0,0,0,0,6,6,200,1000,1000,10,10,"false",45056,80,6,43126,29579,9566,30,71,63,0,30,25,0,1,3,1636,3,2,1631,1
"172",93,108,136804,92,0,0,0,0,0,0,0,3,3,200,1000,1000,10,10,"false",44130,80,7,42330,28944,9556,29,73,63,1,36,31,0,1,3,1497,3,2,1492,0
"173",94,107,134685,93,0,0,0,0,0,0,0,1,1,200,1000,1000,10,10,"false",43891,79,6,42155,28980,9400,29,73,62,1,34,29,1,0,3,1439,4,1,1434,1
"174",95,106,132582,94,0,0,0,0,0,0,0,3,3,200,1000,1000,10,10,"false",43253,80,6,41517,28357,9387,29,74,61,1,30,25,0,1,3,1442,3,1,1438,1
"175",95,106,132582,94,0,0,0,0,0,0,0,5,5,200,1000,1000,10,10,"false",43426,81,7,40937,28083,8721,33,74,72,0,30,25,0,1,3,2179,3,2,2174,1
"176",97,104,128424,96,0,0,0,0,0,0,0,4,4,200,1000,1000,10,10,"false",42976,81,6,41278,28378,9191,30,76,63,1,29,24,1,0,3,1399,4,1,1394,1
"177",98,103,126369,97,0,0,0,0,0,0,0,4,4,200,1000,1000,10,10,"false",43802,81,6,42150,29086,9410,30,77,61,1,36,32,0,0,3,1348,4,1,1343,1
"178",99,102,124330,98,0,0,0,0,0,0,0,6,6,200,1000,1000,10,10,"false",42382,78,6,40711,28014,9048,29,77,64,0,31,26,1,0,3,1374,4,1,1369,1
"179",100,101,122307,99,0,0,0,0,0,0,0,6,6,200,1000,1000,10,10,"false",43521,80,6,41857,29172,9075,28,77,61,1,33,28,0,1,3,1366,4,1,1361,1
"180",100,101,122307,99,0,0,0,0,0,0,0,13,13,200,1000,1000,10,10,"false",43581,79,7,41957,29136,9132,28,78,60,1,31,27,0,0,3,1327,4,1,1322,1
"181",101,100,120300,100,0,0,0,0,0,0,0,7,7,200,1000,1000,10,10,"false",41310,78,6,39715,27083,9094,29,79,59,0,32,27,0,0,3,1301,3,2,1295,0
"182",102,99,118309,101,0,0,0,0,0,0,0,1,1,200,1000,1000,10,10,"false",42695,78,6,41094,28762,8103,29,79,64,0,30,25,1,0,3,1302,4,1,1297,1
"183",102,99,118309,101,0,0,0,0,0,0,0,5,5,200,1000,1000,10,10,"false",43729,78,6,42131,29393,8543,29,82,59,1,30,25,1,0,3,1301,4,2,1295,1
"184",102,99,118309,101,0,0,0,0,0,0,0,7,7,200,1000,1000,10,10,"false",42586,80,6,40650,28570,8475,29,80,58,1,31,26,1,0,3,1639,4,1,1634,1
"185",103,98,116334,102,0,0,0,0,0,0,0,0,0,200,1000,1000,10,10,"false",41470,80,6,39902,27481,8255,29,80,64,1,37,32,1,0,3,1260,4,1,1255,1
"186",103,98,116334,102,0,0,0,0,0,0,0,2,2,200,1000,1000,10,10,"false",41408,78,6,38799,26865,8301,28,80,64,0,30,25,1,0,3,2311,4,1,2306,1
"187",103,98,116334,102,0,0,0,0,0,0,0,4,4,200,1000,1000,10,10,"false",43046,79,7,41475,28991,8349,29,80,59,0,31,26,0,0,3,1275,3,1,1271,0
"188",106,95,110505,105,0,0,0,0,0,0,0,0,0,200,1000,1000,10,10,"false",41228,79,7,39404,27568,8287,29,83,64,1,31,26,0,0,4,1519,3,2,1514,1
"189",106,95,110505,105,0,0,0,0,0,0,0,2,2,200,1000,1000,10,10,"false",40813,79,6,38981,27348,8186,28,82,62,1,34,29,1,0,3,1528,4,2,1522,1
"190",106,95,110505,105,0,0,0,0,0,0,0,3,3,200,1000,1000,10,10,"false",41161,80,7,39675,27696,8770,29,82,61,1,37,32,0,1,3,1178,4,1,1173,1
"191",106,95,110505,105,0,0,0,0,0,0,0,6,6,200,1000,1000,10,10,"false",41432,78,6,39577,27677,8409,28,82,60,0,39,34,0,1,3,1550,4,1,1545,1
"192",110,91,102957,109,0,0,0,0,0,0,0,4,4,200,1000,1000,10,10,"false",39441,78,6,38021,26513,8227,27,84,60,1,38,34,0,0,3,1114,4,2,1108,1
"193",115,86,93882,114,0,0,0,0,0,0,0,4,4,200,1000,1000,10,10,"false",39195,80,6,37796,26450,8092,26,85,60,1,39,34,1,0,3,1092,4,1,1087,1
"194",115,86,93882,114,0,0,0,0,0,0,0,6,6,200,1000,1000,10,10,"false",37321,77,6,35918,24508,8190,26,85,66,1,31,26,1,0,3,1099,4,2,1093,1
"195",116,85,92115,115,0,0,0,0,0,0,0,2,2,200,1000,1000,10,10,"false",38379,79,6,36981,25656,8138,26,84,60,0,32,27,1,0,3,1101,4,2,1095,1
"196",232,269,848619,231,0,0,0,0,0,0,0,35,35,500,1000,1000,10,10,"false",344341,126,10,331174,232877,66270,103,118,161,1,46,41,0,0,4,12525,6,2,12517,1
"197",236,265,827535,235,0,0,0,0,0,0,0,32,32,500,1000,1000,10,10,"false",335063,124,10,322673,226762,64903,96,117,201,1,46,41,0,1,3,11719,7,1,11711,1
"198",236,265,827535,235,0,0,0,0,0,0,0,33,33,500,1000,1000,10,10,"false",334040,123,11,321244,224507,66530,100,116,186,1,48,43,0,1,3,12133,6,2,12125,1
"199",237,264,822304,236,0,0,0,0,0,0,0,29,29,500,1000,1000,10,10,"false",334187,125,11,322026,224939,65193,94,117,177,1,46,41,0,1,3,11514,6,2,11506,1
"200",243,258,791254,242,0,0,0,0,0,0,0,34,34,500,1000,1000,10,10,"false",327075,119,10,314596,218255,66908,94,116,184,1,54,48,1,0,4,11826,6,2,11818,1
"201",244,257,786135,243,0,0,0,0,0,0,0,23,23,500,1000,1000,10,10,"false",322370,126,10,313561,219408,63581,92,118,180,1,47,42,0,1,3,8165,6,2,8157,0
"202",247,254,770874,246,0,0,0,0,0,0,0,28,28,500,1000,1000,10,10,"false",322592,123,11,310798,218711,65239,97,119,166,1,48,43,0,1,3,11156,7,1,11148,1
"203",247,254,770874,246,0,0,0,0,0,0,0,34,34,500,1000,1000,10,10,"false",324930,126,10,313505,220576,62264,93,119,3177,1,48,43,0,1,3,7780,7,1,7772,1
"204",248,253,765819,247,0,0,0,0,0,0,0,26,26,500,1000,1000,10,10,"false",327404,124,10,315208,220986,65376,96,117,197,1,48,42,1,0,4,11533,6,2,11525,1
"205",248,253,765819,247,0,0,0,0,0,0,0,35,35,500,1000,1000,10,10,"false",329475,122,11,317196,221863,66427,89,119,297,1,56,51,0,1,3,11516,7,1,11508,0
"206",251,250,750750,250,0,0,0,0,0,0,0,21,21,500,1000,1000,10,10,"false",319731,120,10,308588,215839,63732,88,118,178,1,56,51,0,1,3,10503,7,2,10494,1
"207",252,249,745759,251,0,0,0,0,0,0,0,21,21,500,1000,1000,10,10,"false",320664,125,10,309745,214824,65220,90,120,186,1,55,49,1,0,4,10263,6,2,10255,1
"208",253,248,740784,252,0,0,0,0,0,0,0,27,27,500,1000,1000,10,10,"false",318318,124,10,306730,216000,62795,92,120,184,1,55,49,1,0,4,10931,7,1,10923,1
"209",253,248,740784,252,0,0,0,0,0,0,0,30,30,500,1000,1000,10,10,"false",321629,123,10,310473,216243,64722,87,119,165,0,52,46,1,0,4,10531,6,2,10523,1
"210",255,246,730882,254,0,0,0,0,0,0,0,29,29,500,1000,1000,10,10,"false",317351,125,10,306002,214477,63998,87,120,183,1,52,47,0,1,3,10704,7,1,10696,1
"211",256,245,725955,255,0,0,0,0,0,0,0,27,27,500,1000,1000,10,10,"false",314337,124,10,306347,214925,62365,87,119,173,1,49,44,0,1,3,7360,7,1,7352,1
"212",256,245,725955,255,0,0,0,0,0,0,0,28,28,500,1000,1000,10,10,"false",314713,122,10,306503,213619,63165,93,120,167,1,48,43,0,1,3,7582,7,1,7574,1
"213",257,244,721044,256,0,0,0,0,0,0,0,30,30,500,1000,1000,10,10,"false",314546,124,10,303322,214134,63873,86,120,146,1,50,45,0,0,4,10621,7,1,10613,1
"214",258,243,716149,257,0,0,0,0,0,0,0,31,31,500,1000,1000,10,10,"false",312699,126,10,302118,212721,61965,88,119,172,1,49,44,0,0,4,9949,7,1,9941,1
"215",259,242,711270,258,0,0,0,0,0,0,0,32,32,500,1000,1000,10,10,"false",316049,123,10,305337,212624,67122,84,118,157,1,48,43,1,0,3,10106,7,2,10097,1
"216",262,239,696729,261,0,0,0,0,0,0,0,29,29,500,1000,1000,10,10,"false",313791,125,10,303761,213450,62133,82,120,177,0,56,51,0,1,3,9396,7,2,9387,1
"217",263,238,691914,262,0,0,0,0,0,0,0,27,27,500,1000,1000,10,10,"false",312591,124,10,301781,213237,61427,85,120,158,1,57,52,0,1,3,10191,7,1,10183,1
"218",264,237,687115,263,0,0,0,0,0,0,0,23,23,500,1000,1000,10,10,"false",311277,123,10,300613,212189,63301,85,122,187,1,50,45,0,1,3,10021,7,2,10012,1
"219",264,237,687115,263,0,0,0,0,0,0,0,24,24,500,1000,1000,10,10,"false",307089,121,10,296338,207385,63589,89,121,151,1,49,44,1,0,3,10147,7,2,10137,0
"220",281,220,607980,280,0,0,0,0,0,0,0,18,18,500,1000,1000,10,10,"false",293488,122,10,286699,201368,61595,76,124,154,1,59,53,1,0,4,6187,7,2,6178,1
"221",471,530,3308670,470,0,0,0,0,0,0,0,123,123,1000,1000,1000,10,10,"false",1575002,249,16,1518215,1016047,320842,332,175,576,1,88,82,1,0,4,55045,9,2,55034,1
"222",479,522,3225350,478,0,0,0,0,0,0,0,134,134,1000,1000,1000,10,10,"false",1549927,234,16,1505004,1007396,324416,323,178,567,2,90,85,0,1,3,43214,10,2,43202,0
"223",494,507,3071885,493,0,0,0,0,0,0,0,108,108,1000,1000,1000,10,10,"false",1521907,220,16,1477945,980523,316519,315,170,558,1,94,88,1,0,4,42302,10,2,42290,1
"224",497,504,3041624,496,0,0,0,0,0,0,0,115,115,1000,1000,1000,10,10,"false",1521022,240,16,1479182,992287,311542,301,168,543,1,95,90,0,0,4,40204,10,2,40192,1
"225",499,502,3021530,498,0,0,0,0,0,0,0,114,114,1000,1000,1000,10,10,"false",1512729,258,16,1467903,981700,310975,315,173,555,1,95,89,0,1,3,43127,10,1,43116,1
"226",506,495,2951705,505,0,0,0,0,0,0,0,110,110,1000,1000,1000,10,10,"false",1493017,222,16,1451053,974784,313531,305,169,542,1,98,93,0,1,3,40336,11,1,40324,1
"227",507,494,2941794,506,0,0,0,0,0,0,0,109,109,1000,1000,1000,10,10,"false",1498089,249,16,1455570,980605,313653,301,167,547,2,97,92,0,0,4,40865,10,2,40853,1
"228",508,493,2931899,507,0,0,0,0,0,0,0,120,120,1000,1000,1000,10,10,"false",1475783,221,16,1434187,964599,311370,297,170,532,1,99,94,0,0,4,39993,10,2,39981,1
"229",509,492,2922020,508,0,0,0,0,0,0,0,97,97,1000,1000,1000,10,10,"false",1497420,225,17,1453460,975224,315504,295,174,528,1,100,94,0,0,4,42353,10,2,42341,1
"230",518,483,2833829,517,0,0,0,0,0,0,0,113,113,1000,1000,1000,10,10,"false",1481009,216,16,1438901,964793,306894,288,169,530,2,98,92,0,1,4,40529,10,1,40518,1
"231",521,480,2804720,520,0,0,0,0,0,0,0,109,109,1000,1000,1000,10,10,"false",1467279,248,16,1427132,957843,302715,282,171,494,1,99,93,1,0,4,38584,11,1,38572,1
"232",523,478,2785394,522,0,0,0,0,0,0,0,96,96,1000,1000,1000,10,10,"false",1462342,261,16,1420553,959260,307830,290,172,534,1,98,93,0,1,3,40152,10,1,40140,1
"233",525,476,2766132,524,0,0,0,0,0,0,0,101,101,1000,1000,1000,10,10,"false",1446888,221,16,1407599,938638,304383,270,171,504,1,98,92,1,0,4,37762,10,2,37750,1
"234",541,460,2614340,540,0,0,0,0,0,0,0,88,88,1000,1000,1000,10,10,"false",1419876,260,16,1382205,928165,297744,260,183,470,2,100,95,0,0,4,36147,11,2,36134,1
